{
    "timestamp": "20250624_130211",
    "screenshot": "data\\screenshots\\screenshot_20250624_130211.png",
    "pdfs": [
        {
            "file": "ZP_OP_230701.pdf",
            "url": "https://www.innogy.cz/-/media/Files/innogy-website/ke-stazeni/domacnosti/kampan/nove-OP/ZP_OP_230701.pdf",
            "path": "data\\pdfs\\ZP_OP_230701.pdf",
            "sha256": "ff0d4d32eaf95a28ceaeda2f88506fc35d58d018a55e93b08162b7a07b4dde4e"
        },
        {
            "file": "EE_OP_230701.pdf",
            "url": "https://www.innogy.cz/-/media/Files/innogy-website/ke-stazeni/domacnosti/kampan/nove-OP/EE_OP_230701.pdf",
            "path": "data\\pdfs\\EE_OP_230701.pdf",
            "sha256": "5786c1d97abecdaadb85bed7cade97dc622ad5303f0ea552b4eade2a798a6f72"
        }
    ]
}